{
  "3": {
    "inputs": {
      "seed": 280823642470253,
      "steps": 20,
      "cfg": 8,
      "sampler_name": "dpmpp_2m",
      "scheduler": "normal",
      "denoise": 0.8700000000000001,
      "model": [
        "14",
        0
      ],
      "positive": [
        "6",
        0
      ],
      "negative": [
        "7",
        0
      ],
      "latent_image": [
        "12",
        0
      ]
    },
    "class_type": "KSampler"
  },
  "6": {
    "inputs": {
      "text": "photograph of victorian woman with wings, sky clouds, meadow grass\n",
      "clip": [
        "14",
        1
      ]
    },
    "class_type": "CLIPTextEncode"
  },
  "7": {
    "inputs": {
      "text": "watermark, text\n",
      "clip": [
        "14",
        1
      ]
    },
    "class_type": "CLIPTextEncode"
  },
  "8": {
    "inputs": {
      "samples": [
        "3",
        0
      ],
      "vae": [
        "14",
        2
      ]
    },
    "class_type": "VAEDecode"
  },
  "12": {
    "inputs": {
      "pixels": [
        "15",
        0
      ],
      "vae": [
        "14",
        2
      ]
    },
    "class_type": "VAEEncode"
  },
  "14": {
    "inputs": {
      "ckpt_name": "AnythingV5_v5PrtRE.safetensors"
    },
    "class_type": "CheckpointLoaderSimple"
  },
  "15": {
    "inputs": {
      "image": ""
    },
    "class_type": "ETN_LoadImageBase64"
  },
  "16": {
    "inputs": {
      "images": [
        "8",
        0
      ]
    },
    "class_type": "ETN_SendImageWebSocket"
  }
}